epoch,time,train/loss,metrics/accuracy_top1,metrics/accuracy_top5,val/loss,lr/pg0,lr/pg1,lr/pg2
1,147.496,0.69794,0.83766,1,0.47676,0.000410053,0.000410053,0.000410053
2,310.409,0.30637,0.76299,1,0.8623,0.000821263,0.000821263,0.000821263
3,488.962,0.5222,0.75325,1,1.08115,0.00122697,0.00122697,0.00122697
4,630.876,0.72237,0.43182,1,6.87813,0.00122525,0.00122525,0.00122525
5,762.344,0.65591,0.76948,1,0.77891,0.001217,0.001217,0.001217
6,898.128,0.53138,0.76623,1,0.63115,0.00120875,0.00120875,0.00120875
7,940.339,0.43433,0.76623,1,0.74014,0.0012005,0.0012005,0.0012005
8,975.369,0.38837,0.84091,1,0.53389,0.00119225,0.00119225,0.00119225
9,1010.79,0.34955,0.7987,1,0.73545,0.001184,0.001184,0.001184
10,1046.23,0.33761,0.86688,1,0.41543,0.00117575,0.00117575,0.00117575
11,1081.77,0.32283,0.81169,1,0.60381,0.0011675,0.0011675,0.0011675
12,1116.82,0.2617,0.86364,1,0.48633,0.00115925,0.00115925,0.00115925
13,1151.92,0.22332,0.8539,1,0.52344,0.001151,0.001151,0.001151
14,1206.97,0.27086,0.8474,1,0.50405,0.00114275,0.00114275,0.00114275
15,1276.31,0.2174,0.85714,1,0.40381,0.0011345,0.0011345,0.0011345
16,1346.36,0.21884,0.90584,1,0.29025,0.00112625,0.00112625,0.00112625
17,1414.9,0.19158,0.85065,1,0.54602,0.001118,0.001118,0.001118
18,1486.63,0.24334,0.8474,1,0.44678,0.00110975,0.00110975,0.00110975
19,1555.58,0.19548,0.90584,1,0.28965,0.0011015,0.0011015,0.0011015
20,1626.89,0.1891,0.86688,1,0.48682,0.00109325,0.00109325,0.00109325
21,1696.41,0.22507,0.84091,1,0.50195,0.001085,0.001085,0.001085
22,1764.56,0.22044,0.87987,1,0.45483,0.00107675,0.00107675,0.00107675
23,1785.25,0.18776,0.86688,1,0.48525,0.0010685,0.0010685,0.0010685
24,1803.81,0.19237,0.85714,1,0.51973,0.00106025,0.00106025,0.00106025
25,1822.38,0.1916,0.88636,1,0.37944,0.001052,0.001052,0.001052
26,1841.09,0.17363,0.80844,1,0.78071,0.00104375,0.00104375,0.00104375
27,1859.71,0.19438,0.88636,1,0.37034,0.0010355,0.0010355,0.0010355
28,1878.33,0.16843,0.89935,1,0.34526,0.00102725,0.00102725,0.00102725
29,1897.01,0.18121,0.87338,1,0.37046,0.001019,0.001019,0.001019
30,1915.71,0.14723,0.91234,1,0.39849,0.00101075,0.00101075,0.00101075
31,1934.54,0.17107,0.86039,1,0.6022,0.0010025,0.0010025,0.0010025
32,1953.09,0.14525,0.87987,1,0.41577,0.00099425,0.00099425,0.00099425
33,1971.75,0.17492,0.9026,1,0.32957,0.000986,0.000986,0.000986
34,1990.36,0.13141,0.88636,1,0.50378,0.00097775,0.00097775,0.00097775
35,2008.9,0.12387,0.89286,1,0.34231,0.0009695,0.0009695,0.0009695
36,2027.63,0.12018,0.90584,1,0.31589,0.00096125,0.00096125,0.00096125
37,2046.17,0.11945,0.8961,1,0.35808,0.000953,0.000953,0.000953
38,2064.94,0.11898,0.88636,1,0.46912,0.00094475,0.00094475,0.00094475
39,2083.55,0.14104,0.88961,1,0.41213,0.0009365,0.0009365,0.0009365
40,2102.06,0.10918,0.92857,1,0.32681,0.00092825,0.00092825,0.00092825
41,2120.73,0.10167,0.88636,1,0.56536,0.00092,0.00092,0.00092
42,2139.5,0.12199,0.93182,1,0.33633,0.00091175,0.00091175,0.00091175
43,2158.07,0.11301,0.90584,1,0.35173,0.0009035,0.0009035,0.0009035
44,2176.67,0.10292,0.89935,1,0.36921,0.00089525,0.00089525,0.00089525
45,2195.23,0.09959,0.90909,1,0.38125,0.000887,0.000887,0.000887
46,2213.79,0.11333,0.89935,1,0.44102,0.00087875,0.00087875,0.00087875
47,2232.47,0.10973,0.91234,1,0.35112,0.0008705,0.0008705,0.0008705
48,2250.93,0.09861,0.90584,1,0.34429,0.00086225,0.00086225,0.00086225
49,2269.46,0.0827,0.91558,1,0.36545,0.000854,0.000854,0.000854
50,2288.08,0.08037,0.8961,1,0.33009,0.00084575,0.00084575,0.00084575
51,2306.69,0.08692,0.91558,1,0.37373,0.0008375,0.0008375,0.0008375
52,2325.37,0.06955,0.91558,1,0.35707,0.00082925,0.00082925,0.00082925
53,2343.99,0.05222,0.91883,1,0.33866,0.000821,0.000821,0.000821
54,2362.57,0.0844,0.91883,1,0.33289,0.00081275,0.00081275,0.00081275
55,2381.21,0.08414,0.88636,1,0.42683,0.0008045,0.0008045,0.0008045
56,2399.74,0.07342,0.89935,1,0.32671,0.00079625,0.00079625,0.00079625
57,2418.37,0.07781,0.92532,1,0.35933,0.000788,0.000788,0.000788
58,2437,0.06361,0.91883,1,0.39314,0.00077975,0.00077975,0.00077975
59,2455.66,0.10819,0.90909,1,0.35029,0.0007715,0.0007715,0.0007715
60,2474.23,0.08946,0.87987,1,0.50073,0.00076325,0.00076325,0.00076325
61,2492.97,0.08024,0.90909,1,0.33792,0.000755,0.000755,0.000755
62,2511.88,0.08191,0.91234,1,0.34644,0.00074675,0.00074675,0.00074675
63,2530.61,0.06017,0.93182,1,0.36851,0.0007385,0.0007385,0.0007385
64,2549.26,0.05489,0.91234,1,0.32498,0.00073025,0.00073025,0.00073025
65,2567.98,0.05426,0.91558,1,0.41089,0.000722,0.000722,0.000722
66,2586.71,0.08332,0.8961,1,0.58491,0.00071375,0.00071375,0.00071375
67,2605.51,0.07326,0.92208,1,0.33395,0.0007055,0.0007055,0.0007055
68,2624.14,0.0505,0.90584,1,0.40679,0.00069725,0.00069725,0.00069725
69,2642.91,0.06187,0.9026,1,0.42549,0.000689,0.000689,0.000689
70,2661.77,0.05182,0.91558,1,0.35553,0.00068075,0.00068075,0.00068075
71,2680.49,0.04842,0.91558,1,0.32566,0.0006725,0.0006725,0.0006725
72,2699.1,0.0532,0.91558,1,0.38007,0.00066425,0.00066425,0.00066425
