frames_processed,fish_count_mean,fish_count_std,fish_count_max,speed_mean,speed_std,speed_max,vertical_speed_mean,vertical_speed_std,vertical_speed_max,tilt_mean,tilt_std,tilt_max,angle_change_mean,angle_change_std,angle_change_max,bbox_area_mean,bbox_area_std,bbox_area_max,surface_count_mean,middle_count_mean,bottom_count_mean,surface_ratio,middle_ratio,bottom_ratio,track_count_estimate,video_file,label
175,1.1714285714285715,0.39175169145148814,2.0,3.5714897276486632,3.5922492869695257,37.030392922571046,-0.028350515463917526,1.5950859980127827,5.5,32.549539437977344,8.148530251979576,50.527540151656176,61.00750753934543,52.43910625976787,180.0,33194.453658536586,7352.432862602145,41464.0,1.1714285714285715,0.0,0.0,1.0,0.0,0.0,11,dead_or_moribund_fish.mp4,dead_or_moribund_floating
240,0.925,0.760071268588238,3.0,13.283018426622677,12.810264331980214,69.85162847063768,-0.6580310880829016,15.756967379348483,69.5,37.84384925562121,15.163916823549053,71.38430799266897,65.21782691702185,56.36968873321267,180.0,117716.21621621621,62132.99671184943,229041.0,0.058333333333333334,0.6166666666666667,0.25,0.06306306306306306,0.6666666666666666,0.2702702702702703,29,dead_or_moribund_floating.mp4,dead_or_moribund_floating
86,0.6162790697674418,0.6676687079049114,2.0,3.2327552441121106,4.045743878653918,23.547823678633232,1.2,2.7586228448267445,14.0,38.87835942434829,6.238026777137081,64.17900802581072,41.46040484453726,48.531102452976626,179.99999879258172,7213.396226415094,7254.526842663769,33572.0,0.46511627906976744,0.12790697674418605,0.023255813953488372,0.7547169811320755,0.20754716981132076,0.03773584905660377,13,dead_or_moribund_floating10.mp4,dead_or_moribund_floating
89,0.9662921348314607,0.7412324720211523,3.0,3.659864701141228,4.984443407605924,26.196373794859472,0.42142857142857143,2.254575845896065,8.5,37.80188760449474,4.0871465516026,50.59933933652057,73.12931221467758,62.534532081342334,180.0,47105.06976744186,19167.72635628835,64960.0,0.8876404494382022,0.0,0.07865168539325842,0.9186046511627907,0.0,0.08139534883720931,16,dead_or_moribund_floating11.mp4,dead_or_moribund_floating
113,0.6548672566371682,0.7379703270580313,3.0,8.162099832430163,7.238131180913357,26.0,-0.8541666666666666,4.922269053890583,18.5,40.378332393896244,11.842841508789999,61.551752420999776,67.82990251502832,61.613525865317435,174.6495372200691,42498.22972972973,34181.5401747419,112726.0,0.035398230088495575,0.2743362831858407,0.34513274336283184,0.05405405405405406,0.4189189189189189,0.527027027027027,26,dead_or_moribund_floating12.mp4,dead_or_moribund_floating
75,1.4,0.5416025603090642,3.0,4.091148556071709,6.065861992328392,40.18084120572888,0.12376237623762376,3.417634771107566,16.5,35.61744411870887,8.411309091771656,48.74850404635326,83.10717655278043,63.67749889690845,180.0,49758.50476190476,30140.92859065759,95739.0,0.8933333333333333,0.5066666666666667,0.0,0.638095238095238,0.3619047619047619,0.0,4,dead_or_moribund_floating13.mp4,dead_or_moribund_floating
97,0.711340206185567,0.6414989355094453,3.0,14.553815248347963,15.030703198454532,73.49319696407281,-3.0288461538461537,14.223292604555137,73.0,41.78723509288005,10.156991877651885,58.79948539601937,84.17535464006775,66.18359682094709,179.9187294452723,54756.217391304344,37355.348701811105,108704.0,0.09278350515463918,0.4639175257731959,0.15463917525773196,0.13043478260869565,0.6521739130434783,0.21739130434782608,17,dead_or_moribund_floating14.mp4,dead_or_moribund_floating
110,1.190909090909091,0.6535977988370432,3.0,5.7226305820501295,6.06211737584546,32.882366094914765,-0.9330357142857143,5.1631833410223,23.0,50.49666418447217,12.952062014664671,72.12130340415867,66.4483764223548,60.807916612990034,180.0,29670.870229007633,31035.541352278055,88445.0,0.08181818181818182,0.2818181818181818,0.8272727272727273,0.06870229007633588,0.2366412213740458,0.6946564885496184,19,dead_or_moribund_floating15.mp4,dead_or_moribund_floating
126,1.753968253968254,0.7936904751984623,4.0,6.934917835971441,7.731480269479112,46.45696933722647,0.39215686274509803,9.316501134393683,46.0,29.656006268539702,15.922693843396114,60.887168502763956,64.30858980939615,55.15067300717401,180.0,52921.280542986424,32765.77658288701,112812.0,0.5476190476190477,1.1666666666666667,0.03968253968253968,0.31221719457013575,0.665158371040724,0.02262443438914027,17,dead_or_moribund_floating16.mp4,dead_or_moribund_floating
105,2.6095238095238096,2.3237704914754715,11.0,43.83953466144009,22.393177038633496,79.13437938089866,-3.490506329113924,32.503333398624086,77.5,25.648519239690614,13.206820516266337,73.94001269283936,68.27463328123834,58.86337477073679,178.590307430465,2936.616788321168,4527.705724411806,36500.0,0.5714285714285714,1.7333333333333334,0.3047619047619048,0.21897810218978103,0.6642335766423357,0.11678832116788321,116,dead_or_moribund_floating2.mp4,dead_or_moribund_floating
189,1.9523809523809523,2.086199842009679,14.0,33.17250421159536,25.849548581407607,79.9640544244725,-0.6388888888888888,30.1611029246218,74.0,33.5032214824197,15.302822517728746,81.4391104288354,57.10233204879083,63.46298541033074,179.62029861382481,12155.235772357724,27012.607192469506,114325.0,0.5343915343915344,1.0793650793650793,0.3386243386243386,0.27371273712737126,0.5528455284552846,0.17344173441734417,207,dead_or_moribund_floating3.mp4,dead_or_moribund_floating
300,1.7433333333333334,1.7881430467262835,9.0,45.96179765071836,20.426166947243207,79.89524391351465,-3.5258964143426295,36.181651139445265,79.0,33.33956381099071,13.935339283648336,74.74488129694222,60.36183356835411,63.86820861255472,178.74526226035897,5115.85086042065,6408.044762897831,57974.0,0.6966666666666667,0.6966666666666667,0.35,0.39961759082217974,0.39961759082217974,0.20076481835564053,272,dead_or_moribund_floating4.mp4,dead_or_moribund_floating
241,1.7095435684647302,1.5508905884672826,9.0,42.02851656159979,21.57788148406262,79.01423922306662,0.7629107981220657,34.5438604639465,79.0,33.34349511832636,13.492723390825544,75.96375653207353,58.83829392576687,61.49843718946686,178.88253872746162,4963.4902912621355,6397.606313772538,59262.0,0.5062240663900415,0.7510373443983402,0.45228215767634855,0.2961165048543689,0.4393203883495146,0.2645631067961165,199,dead_or_moribund_floating5.mp4,dead_or_moribund_floating
241,1.7095435684647302,1.5508905884672826,9.0,42.02851656159979,21.57788148406262,79.01423922306662,0.7629107981220657,34.5438604639465,79.0,33.34349511832636,13.492723390825544,75.96375653207353,58.83829392576687,61.49843718946686,178.88253872746162,4963.4902912621355,6397.606313772538,59262.0,0.5062240663900415,0.7510373443983402,0.45228215767634855,0.2961165048543689,0.4393203883495146,0.2645631067961165,199,dead_or_moribund_floating6.mp4,dead_or_moribund_floating
280,0.6964285714285714,0.7396824332379514,4.0,21.024621613826415,19.39679242209117,71.70251041630272,0.1554054054054054,17.56453846026513,57.0,35.31427379664881,11.731836978683422,69.77514056883193,72.82833350968512,62.72693457730946,180.0,34861.338461538464,26160.409633119725,114654.0,0.21428571428571427,0.425,0.05714285714285714,0.3076923076923077,0.6102564102564103,0.08205128205128205,47,dead_or_moribund_floating7.mp4,dead_or_moribund_floating
91,2.3736263736263736,0.793494865869701,4.0,5.049651553238366,8.825382871424956,58.01939330947886,-0.06818181818181818,5.320452981329513,50.5,34.44367070821665,13.788359223277379,74.66671520694645,87.49755620401365,65.76934808965976,180.0,33323.76851851852,28326.463753361277,82806.0,1.043956043956044,1.3296703296703296,0.0,0.4398148148148148,0.5601851851851852,0.0,18,dead_or_moribund_floating8.mp4,dead_or_moribund_floating
86,0.6162790697674418,0.6676687079049114,2.0,3.2327552441121106,4.045743878653918,23.547823678633232,1.2,2.7586228448267445,14.0,38.87835942434829,6.238026777137081,64.17900802581072,41.46040484453726,48.531102452976626,179.99999879258172,7213.396226415094,7254.526842663769,33572.0,0.46511627906976744,0.12790697674418605,0.023255813953488372,0.7547169811320755,0.20754716981132076,0.03773584905660377,13,dead_or_moribund_floating9.mp4,dead_or_moribund_floating
226,4.491150442477876,3.0047766551407054,14.0,22.493595661777942,20.60217343839792,79.19122426127784,-0.9170644391408115,14.77972656705131,73.0,40.58435024320238,10.311467471476936,78.80488857370003,51.040657625489,58.54679536062913,180.0,17317.225615763546,25311.7458992911,585972.0,3.1194690265486726,1.1991150442477876,0.17256637168141592,0.6945812807881774,0.26699507389162563,0.03842364532019704,177,erratic_or_chasing.mp4,erratic_or_chasing
148,0.8986486486486487,1.0315290727379327,4.0,10.203882303741155,9.524130866366805,54.55730931781735,1.2727272727272727,5.726190373917645,20.5,25.389334064037982,11.549826797958954,54.674965361861986,62.75301325939444,62.17948477542568,179.0608090542646,35591.1954887218,62461.67471632344,322452.0,0.13513513513513514,0.6959459459459459,0.06756756756756757,0.15037593984962405,0.7744360902255639,0.07518796992481203,34,erratic_or_chasing2.mp4,erratic_or_chasing
300,1.0966666666666667,0.9455098565794483,5.0,33.92598464144464,22.138399556870205,79.94060294994027,3.1720779220779223,24.516650839980418,74.5,40.78566728814127,13.481619353312814,74.61381127189992,42.50788383193557,53.06726938652869,179.74820235030336,268001.4285714286,219712.5590160233,724812.0,0.13666666666666666,0.6066666666666667,0.35333333333333333,0.12462006079027356,0.5531914893617021,0.3221884498480243,175,erratic_or_chasing3.mp4,erratic_or_chasing
165,6.36969696969697,3.6617999257266125,14.0,21.238872086016876,18.973368613181748,79.60056532462568,0.20591517857142858,11.365221397816091,73.5,36.7582405527051,14.514860042542452,78.29356327084668,36.45496642249284,48.53934568724309,180.0,8842.054234062798,7153.643910936591,43878.0,2.8484848484848486,3.139393939393939,0.38181818181818183,0.44719314938154137,0.4928639391056137,0.05994291151284491,155,erratic_or_chasing4.mp4,erratic_or_chasing
300,3.4566666666666666,1.6415812160502108,8.0,26.584257112639545,19.05764782012042,79.81227975693966,0.5232426303854876,20.022840515766372,79.0,44.661077743948844,12.257476561878995,77.96088788397772,58.13067146641092,54.25527637866843,180.0,102118.89103182257,73323.1223350923,439200.0,0.3333333333333333,2.1533333333333333,0.97,0.09643201542912247,0.6229508196721312,0.2806171648987464,155,erratic_or_chasing5.mp4,erratic_or_chasing
142,1.1690140845070423,0.9113666489485508,4.0,36.530381968087056,20.334414919238892,78.174484328328,2.0328947368421053,25.587483515835046,74.0,38.54807124334418,10.545211726765947,75.53754711782865,58.84231340153559,61.39686982910113,178.0054306987581,245631.0060240964,187107.45539963516,722930.0,0.09154929577464789,1.0070422535211268,0.07042253521126761,0.0783132530120482,0.8614457831325302,0.060240963855421686,90,erratic_or_chasing6.mp4,erratic_or_chasing
173,1.6416184971098267,1.1772907735297187,5.0,36.91071092138835,20.7908308027404,79.8075810935277,5.345238095238095,25.656612462259098,64.0,42.584405392254396,16.25897776693303,79.14989537020263,44.787075106759275,52.442032654642745,179.7324730126173,189753.18309859154,161643.3731812634,682023.0,0.4046242774566474,0.8901734104046243,0.3468208092485549,0.24647887323943662,0.5422535211267606,0.2112676056338028,116,erratic_or_chasing7.mp4,erratic_or_chasing
181,2.585635359116022,1.2656155053445408,6.0,12.662429725474489,15.89211362382398,76.73493337457198,-0.5955334987593052,10.989174908155261,69.0,36.941758467385725,10.400143050716807,66.10483858492964,58.26503591720169,57.24586204466565,180.0,17009.893162393164,8673.301238713817,42560.0,0.5469613259668509,1.1104972375690607,0.9281767955801105,0.21153846153846154,0.42948717948717946,0.358974358974359,65,erratic_or_chasing8.mp4,erratic_or_chasing
109,2.522935779816514,1.5301036139001385,8.0,23.258258861556456,19.75711107472127,78.0,1.5454545454545454,22.377446198940174,74.5,48.544231595904684,13.018670873045572,77.77487732426425,68.27240331535887,56.53246664680363,177.78109156152073,28710.927272727273,22519.7585521164,95381.0,0.13761467889908258,0.9908256880733946,1.3944954128440368,0.05454545454545454,0.3927272727272727,0.5527272727272727,44,feeding_response.mp4,feeding_response
300,1.18,1.1892294423981717,7.0,32.4415981961048,19.681013938745465,77.0,-13.194444444444445,26.739259245701223,77.0,44.93842927722501,11.73381286829833,74.74488129694222,26.722911880576714,40.96805493562888,173.88449643371476,31051.785310734464,29028.26174754272,225008.0,0.25666666666666665,0.45,0.47333333333333333,0.2175141242937853,0.3813559322033898,0.4011299435028249,228,feeding_response10.mp4,feeding_response
208,0.8125,0.999248515712606,5.0,42.18243766324009,17.656769749992673,79.15964881175258,-5.108695652173913,30.10162371820812,74.5,40.35557634885449,12.207598563314878,70.74492221071615,34.626294803602576,50.12297301123726,177.32588678653295,75232.26035502959,63701.05660603374,284832.0,0.25961538461538464,0.20673076923076922,0.34615384615384615,0.31952662721893493,0.25443786982248523,0.4260355029585799,100,feeding_response11.mp4,feeding_response
121,0.6611570247933884,0.8772017777081217,4.0,26.952335645515475,19.945750597253525,72.52068670386402,6.545454545454546,23.065573072374008,53.0,40.38500974238437,13.957706493876758,75.96375653207353,23.403599369712104,51.615133055039514,178.86557836902324,23616.15,15421.280540295607,66859.0,0.09917355371900827,0.2396694214876033,0.32231404958677684,0.15,0.3625,0.4875,58,feeding_response12.mp4,feeding_response
300,0.6533333333333333,0.8444853791247992,4.0,42.66050712985197,20.592438484263987,79.19911615668448,-7.7898550724637685,31.19613105390826,67.0,42.065735513514504,12.316753311373295,77.9234436147242,27.48699535320104,40.48953485155543,150.52411099675427,97115.82653061225,75634.64002057085,567072.0,0.16,0.15666666666666668,0.33666666666666667,0.24489795918367346,0.23979591836734693,0.5153061224489796,127,feeding_response13.mp4,feeding_response
85,1.9529411764705882,1.4134303899124383,6.0,22.725428378100986,16.462412092461765,74.90160211904683,1.950381679389313,16.46507464484834,61.5,48.14366021687876,11.149670576340972,72.89727103094764,65.28775029920263,60.81114958169359,178.21008939175354,14417.192771084337,6787.288875249993,54758.0,1.4352941176470588,0.47058823529411764,0.047058823529411764,0.7349397590361446,0.24096385542168675,0.024096385542168676,35,feeding_response2.mp4,feeding_response
59,3.3728813559322033,1.840212820086775,8.0,27.83067310648673,20.025187180632372,78.5175139698144,1.060897435897436,21.864702187743408,78.0,46.9716650347743,12.998722448672941,78.69006752597979,58.085816953503986,51.49791891449019,177.6467031338918,27833.381909547737,16279.791587904387,106140.0,0.0,1.9661016949152543,1.4067796610169492,0.0,0.5829145728643216,0.41708542713567837,43,feeding_response3.mp4,feeding_response
300,6.96,1.792130947596557,12.0,9.688383353986357,8.908887278479591,78.63364419890509,-0.11089108910891089,7.355696263630785,78.5,35.13945475959808,10.498917667574826,80.7273982227997,35.75836465010024,43.42325910794075,180.0,6730.417624521073,2712.3983874739656,22698.0,0.16666666666666666,2.59,4.203333333333333,0.023946360153256706,0.37212643678160917,0.6039272030651341,68,group_swimming.mp4,group_swimming
300,16.78,2.0876462024650313,24.0,3.5054491305048217,5.446477182965031,78.51432990225415,-0.029496998551024632,3.265015840191563,78.5,42.21269121964904,14.054482175225134,78.07926146007769,41.55386628317146,54.5077469217897,180.0,37316.21752085816,20928.58492742699,118422.0,5.49,6.99,4.3,0.32717520858164484,0.4165673420738975,0.2562574493444577,203,group_swimming10.mp4,group_swimming
152,7.572368421052632,1.69985283296514,13.0,18.476957893940625,16.377608143803055,78.94460082868238,-1.033757338551859,15.481147722507078,78.5,45.850472232401,13.319981216983273,77.57405713457253,49.45924148948626,51.913512853065185,180.0,130310.34752389227,95322.8613033663,625374.0,2.3552631578947367,3.8157894736842106,1.4013157894736843,0.3110338835794961,0.5039096437880104,0.18505647263249347,129,group_swimming12.mp4,group_swimming
175,15.354285714285714,2.50032487685019,21.0,13.41673123325263,15.24331105607751,79.92027277230727,0.08447667581340651,11.939274438529626,76.5,32.7631032963991,11.257454793616278,76.46414363086575,61.77822331437709,54.961785353209486,180.0,8632.210271678452,4749.971573777262,31458.0,4.594285714285714,7.542857142857143,3.217142857142857,0.2992184592482322,0.4912541868254559,0.20952735392631186,136,group_swimming4.mp4,group_swimming
300,1.69,1.1862686598462142,7.0,9.181033494858532,10.741062354491865,79.12806076228584,0.13528138528138528,7.951666071905354,79.0,27.591502325604548,12.39720534964301,74.3485935461446,47.22366573394744,48.83950754018602,180.0,44916.67061143984,21810.962895344055,243136.0,0.9,0.30333333333333334,0.4866666666666667,0.5325443786982249,0.1794871794871795,0.2879684418145957,45,group_swimming5.mp4,group_swimming
300,3.8433333333333333,1.6427991018042618,9.0,24.2147767965465,20.97880331954802,78.88123984826811,-1.657158836689038,21.862895671441123,75.5,40.596684421936395,12.445233458141745,79.67885471330274,65.9845295329139,59.45192311747522,180.0,206027.0997398092,147220.32001370014,676632.0,0.2866666666666667,1.7466666666666666,1.81,0.0745880312228968,0.45446660884648743,0.47094535993061576,259,group_swimming7.mp4,group_swimming
185,0.7351351351351352,0.8253471722320664,3.0,16.901969641534823,19.201388496559794,75.3077021293307,-1.010204081632653,18.273570129136594,61.5,43.53216363997588,11.815599218932439,73.60449446249764,66.30825180546593,60.5871331893967,180.0,88722.35294117648,85742.3196548933,229185.0,0.13513513513513514,0.32972972972972975,0.2702702702702703,0.18382352941176472,0.4485294117647059,0.36764705882352944,38,bottom_staying.mp4,lethargic_low_activity
176,4.244318181818182,1.340993352514323,10.0,19.532278336583783,17.490849353977666,78.77182237323191,0.6321044546850998,20.378245042046615,74.0,44.323489470805264,13.936372644306875,81.30961632137446,42.17476982422519,44.517968798693445,179.8229796172849,112932.07362784471,67971.28119578287,319759.0,0.8125,2.590909090909091,0.8409090909090909,0.19143239625167335,0.6104417670682731,0.19812583668005354,96,bottom_staying2.mp4,lethargic_low_activity
181,1.0994475138121547,0.8801366818494232,4.0,13.774791108365024,14.787848207100064,74.96665925596525,2.9220779220779223,13.075719774845734,66.0,38.41039235519293,10.657755665884425,73.45323918381894,60.822350707960695,58.26294319381732,180.0,78074.72864321608,92469.49943041375,313200.0,0.46408839779005523,0.4198895027624309,0.2154696132596685,0.4221105527638191,0.38190954773869346,0.19597989949748743,45,dropsy_disease_sign.mp4,lethargic_low_activity
61,0.4262295081967213,0.5266353575150495,2.0,30.63092316349387,20.33502428862089,69.64553108419807,0.5,7.143761847467575,13.0,37.64370460136579,7.62185730535487,62.46011471285716,38.89902739045359,56.88174151049285,173.65347862756778,442042.23076923075,252002.33296437,721440.0,0.01639344262295082,0.4098360655737705,0.0,0.038461538461538464,0.9615384615384616,0.0,11,dropsy_disease_sign2.mp4,lethargic_low_activity
79,0.6708860759493671,0.741560431183636,2.0,28.22138228263834,23.078205780718456,76.8846538653846,0.8857142857142857,21.76533473021647,70.0,41.81923883323804,14.118385814942066,74.8374430573111,76.9902295617215,56.57572240020725,172.6844746956038,246876.49056603774,194132.62954763713,660330.0,0.31645569620253167,0.34177215189873417,0.012658227848101266,0.4716981132075472,0.5094339622641509,0.018867924528301886,18,dropsy_disease_sign3.mp4,lethargic_low_activity
104,1.1538461538461537,0.7174906963914474,3.0,1.084729001021294,1.6363158805713558,8.0,0.009259259259259259,1.7199556969443437,8.0,44.50239655499752,8.495295806074902,65.22485943116808,42.003716294699764,56.87023671217899,180.0,9598.566666666668,24339.331777575346,115920.0,0.0,0.9711538461538461,0.18269230769230768,0.0,0.8416666666666667,0.15833333333333333,12,lethargic_low_activity.mp4,lethargic_low_activity
185,1.3027027027027027,0.9615546214296384,4.0,8.410082825070422,10.87109217715973,72.94518489934754,1.2258064516129032,9.481593977261197,55.5,36.722822556129906,10.949796742023674,65.67853007233558,60.7475068238332,51.535674806699056,180.0,257559.1825726141,199061.6848915609,546680.0,0.3027027027027027,0.7837837837837838,0.21621621621621623,0.23236514522821577,0.6016597510373444,0.16597510373443983,24,lethargic_low_activity10.mp4,lethargic_low_activity
140,1.0285714285714285,0.8446711713768276,4.0,22.283950228859958,17.94113312613967,77.71261158911081,0.5782608695652174,15.955453109578151,76.0,40.84602357110642,13.1607129224216,71.01237591212984,54.506930493966564,57.99282058987683,179.92792987509557,189049.05555555556,138704.69618645747,683054.0,0.22142857142857142,0.6428571428571429,0.16428571428571428,0.2152777777777778,0.625,0.1597222222222222,29,lethargic_low_activity11.mp4,lethargic_low_activity
86,1.0232558139534884,0.6095508103293561,3.0,13.227402824823454,14.6978297420142,56.0,-0.7371794871794872,3.948972893867759,12.5,46.403410964949714,8.715059159714038,67.13549187810035,93.17788717585037,63.04624540669179,179.75409687672752,36205.60227272727,15526.432829166884,69600.0,0.046511627906976744,0.8255813953488372,0.1511627906976744,0.045454545454545456,0.8068181818181818,0.14772727272727273,10,lethargic_low_activity2.mp4,lethargic_low_activity
101,1.108910891089109,0.8431552022195552,3.0,8.040084988570198,11.723457295481811,76.72190039356428,0.04945054945054945,13.008673130691733,76.0,41.41518729873737,14.456061645812287,70.04341316123887,76.01987019326498,60.21423751389496,178.66778014613058,37454.830357142855,21350.78124318723,63455.0,0.10891089108910891,0.8811881188118812,0.1188118811881188,0.09821428571428571,0.7946428571428571,0.10714285714285714,21,lethargic_low_activity3.mp4,lethargic_low_activity
117,3.6666666666666665,1.1472747344203638,7.0,7.568823419845616,12.227118213676404,74.60898069267533,0.2707253886010363,9.056523597996378,64.5,41.151016079828786,6.916502822566338,63.43494882292201,58.244059982554795,54.92913912028338,180.0,8392.766899766899,13129.216677891902,81073.0,0.0,1.4700854700854702,2.1965811965811968,0.0,0.40093240093240096,0.5990675990675991,43,lethargic_low_activity4.mp4,lethargic_low_activity
101,1.2871287128712872,0.8712871287128711,3.0,10.176107234235781,12.621817122873402,55.832338299591214,-0.1527777777777778,12.720546650940967,49.0,40.36378552415519,12.286486345358925,71.87813975209865,73.30385679330895,61.22912155362656,178.70708558573827,44598.32307692308,39243.40270556321,114380.0,0.1188118811881188,0.39603960396039606,0.7722772277227723,0.09230769230769231,0.3076923076923077,0.6,22,lethargic_low_activity5.mp4,lethargic_low_activity
171,1.1403508771929824,0.6517254603862003,2.0,9.050582002214274,13.473483870884964,66.88235940814289,-0.10989010989010989,13.998881862295915,55.5,54.33611603218586,7.913897876660471,73.57275267600714,61.41545301839768,51.917468795017335,180.0,52103.42564102564,14657.871550401187,97123.0,0.011695906432748537,1.128654970760234,0.0,0.010256410256410256,0.9897435897435898,0.0,13,stationary_resting.mp4,lethargic_low_activity
239,1.8577405857740585,1.0768837342330526,5.0,4.636045375693382,6.312338073393744,48.507731342539614,1.059850374064838,5.904701113473693,47.0,36.73779431419937,15.337775506661451,67.47943439710312,47.46576850012611,55.85845732836802,180.0,36238.67567567567,39793.66874727419,116078.0,0.11715481171548117,0.6401673640167364,1.100418410041841,0.06306306306306306,0.34459459459459457,0.5923423423423423,43,stationary_resting2.mp4,lethargic_low_activity
128,3.125,2.099106952968333,10.0,32.52593250076367,19.74814451143466,79.56915231419774,-0.17549668874172186,26.69267694025356,76.5,47.7386003823761,11.942040522493295,80.53767779197439,74.89592455596805,61.9034294919254,178.9319901573283,29051.345,29065.505361441337,115922.0,0.90625,1.8671875,0.3515625,0.29,0.5975,0.1125,98,fast_active_swimming.mp4,normal_swimming
94,1.2446808510638299,0.8080205681599253,3.0,39.87243207386926,21.683912642588894,79.51414968419142,-1.3255813953488371,28.767185706968082,69.5,49.811020704061946,10.448860890751154,72.08523202922582,93.31436571023471,62.66641308056811,179.50920581655384,37552.82905982906,21763.387966161226,89208.0,0.11702127659574468,1.1063829787234043,0.02127659574468085,0.09401709401709402,0.8888888888888888,0.017094017094017096,31,fast_active_swimming2.mp4,normal_swimming
165,0.9878787878787879,0.7784045749334461,5.0,33.379717347580474,19.008767174268755,78.10409720366788,0.35658914728682173,19.61639815914677,69.5,47.38390090911402,10.611304711944834,80.60916344360652,83.13821855563836,61.66175865429184,179.73510134645892,39983.36196319018,19386.88998678695,95404.0,0.46060606060606063,0.5151515151515151,0.012121212121212121,0.4662576687116564,0.5214723926380368,0.012269938650306749,34,fast_active_swimming3.mp4,normal_swimming
235,1.8468085106382979,1.0158009236672871,5.0,14.864789887637007,15.694221712544055,73.52720584926371,0.7219451371571073,11.721917881044792,58.5,34.39902401378152,10.482758312772,75.8830583044304,66.05749899664183,57.33570345417535,179.88471689699085,46218.755760368666,28395.670008158573,102175.0,0.451063829787234,0.723404255319149,0.6723404255319149,0.24423963133640553,0.391705069124424,0.3640552995391705,33,normal_swimming.mp4,normal_swimming
162,3.4382716049382718,1.7530972873945883,9.0,37.75928598057926,20.008426174809422,79.60056532462568,-3.263925729442971,30.343501587117927,77.0,47.32102916874692,9.350142316526059,72.69947280805499,43.55817048810683,50.56295294015432,179.8106755045794,113534.24057450629,80540.23909909636,379632.0,0.22839506172839505,1.6728395061728396,1.537037037037037,0.06642728904847396,0.4865350089766607,0.44703770197486536,180,normal_swimming10.mp4,normal_swimming
176,0.8238636363636364,0.5717783896401684,2.0,18.254911884178565,16.239820483510538,73.0,-1.0772357723577235,13.571256168279405,55.0,44.74159368066918,3.730445594230422,56.87384910237359,67.98990917453051,54.7740550196657,176.18592516570962,139903.35862068966,44180.21651274211,297273.0,0.0,0.7556818181818182,0.06818181818181818,0.0,0.9172413793103448,0.08275862068965517,22,normal_swimming11.mp4,normal_swimming
211,1.1421800947867298,0.7145561614388529,3.0,10.833630392577719,12.535009838678723,78.174484328328,-0.6244019138755981,11.112897276872136,77.5,27.02118873999986,10.340183996617395,62.71715770410183,60.33231338425163,57.1771122143978,180.0,163303.92116182574,84731.18227654643,321464.0,0.3175355450236967,0.5924170616113744,0.23222748815165878,0.27800829875518673,0.5186721991701245,0.2033195020746888,32,normal_swimming114.mp4,normal_swimming
59,1.1864406779661016,0.769648307779168,4.0,26.522589926237607,15.88008890417932,71.18461912520148,0.20535714285714285,21.64522728358756,69.0,42.303907944350314,18.657702014579847,76.36832659690137,51.7480696660171,46.5509579498688,162.82409638425327,72914.95714285714,41763.44869019036,185350.0,0.03389830508474576,1.0338983050847457,0.11864406779661017,0.02857142857142857,0.8714285714285714,0.1,14,normal_swimming12.mp4,normal_swimming
72,0.6388888888888888,0.480322679605294,1.0,33.481725222504316,18.7937313826343,77.54031209635411,6.328947368421052,20.598376378207156,48.5,33.51605108152571,17.96002007067564,73.41085838490177,84.31041538447792,58.46341067775638,173.83636221413974,198032.73913043478,54690.931910873245,304684.0,0.0,0.625,0.013888888888888888,0.0,0.9782608695652174,0.021739130434782608,8,normal_swimming13.mp4,normal_swimming
196,10.58673469387755,11.209854791201213,36.0,18.19128190359245,15.225806361920423,79.76528066771908,-4.2675,16.63695599745071,74.5,41.425522282697926,12.327823146383906,80.03619581009282,33.16215667314408,43.938254674729805,180.0,35618.433253012045,83848.66331881248,714273.0,4.229591836734694,4.739795918367347,1.6173469387755102,0.39951807228915664,0.447710843373494,0.1527710843373494,275,normal_swimming15.mp4,normal_swimming
208,2.3653846153846154,1.2369137485296924,6.0,16.462534084746373,14.124709913389566,78.99525302193797,1.5153664302600474,13.885988832583608,61.0,38.827027217138735,13.374219375188988,78.90627698844216,41.00278823011218,48.0164899480991,178.5142754108991,126074.14837398374,162912.17371389817,718002.0,1.0769230769230769,0.8605769230769231,0.42788461538461536,0.45528455284552843,0.3638211382113821,0.18089430894308944,69,normal_swimming16.mp4,normal_swimming
130,1.2,1.172767929039934,5.0,23.24898223679085,15.384964300923313,75.13487871820917,6.623015873015873,14.758194724946225,51.0,46.266763490628875,8.775275701406976,66.78555125827265,31.14779713806611,39.74448770641846,172.95423087513254,198499.0064102564,213777.35513689677,709440.0,0.3,0.5076923076923077,0.3923076923076923,0.25,0.4230769230769231,0.3269230769230769,30,normal_swimming17.mp4,normal_swimming
300,3.9966666666666666,1.4594481453237347,9.0,26.70027647642969,17.16224761716866,79.90619500389191,-1.439117929050815,17.95615956534261,76.5,39.410700629983,14.594210820404024,78.11134196037203,46.847378523321574,49.29494717375561,180.0,126517.49708090075,118261.63050550094,708968.0,1.36,0.9,1.7366666666666666,0.3402835696413678,0.22518765638031693,0.43452877397831524,156,normal_swimming18.mp4,normal_swimming
57,3.6315789473684212,1.7130211226293535,7.0,22.640050306535233,16.730965248333575,79.65707752610561,-4.254385964912281,11.636975806003493,55.0,37.75190819273448,13.558009718271883,74.74488129694222,21.97020002889933,33.42717883196608,178.51213247117207,65873.1497584541,112234.32211649246,394350.0,0.15789473684210525,2.508771929824561,0.9649122807017544,0.043478260869565216,0.6908212560386473,0.26570048309178745,36,normal_swimming19.mp4,normal_swimming
204,2.0980392156862746,1.4108112248588116,6.0,12.843423600595047,13.453335549648845,79.37568897338781,-0.4933862433862434,11.924390710822964,75.5,47.80614354711483,13.826778381333813,81.2538377374448,63.37968937584713,57.361488518828004,179.18154453831096,22800.429906542056,18231.72615781855,83692.0,0.18627450980392157,1.2549019607843137,0.6568627450980392,0.08878504672897196,0.5981308411214953,0.3130841121495327,50,normal_swimming2.mp4,normal_swimming
295,0.3525423728813559,0.5684817520746176,3.0,15.756890841887877,16.107628165390366,68.70953354520753,0.0,16.446437125336512,64.5,48.75406359217901,12.425993230105473,80.81116392264124,53.516016449752044,54.18569515641462,180.0,25984.46153846154,21964.08354954965,86411.0,0.0,0.17288135593220338,0.17966101694915254,0.0,0.49038461538461536,0.5096153846153846,36,normal_swimming3.mp4,normal_swimming
239,1.397489539748954,0.9878731088451017,5.0,15.293995743136561,17.374080090688345,77.31752712031083,-0.7147887323943662,12.96207874990529,74.5,42.05564848421448,10.840899825080864,69.54161794636431,62.57024475769194,58.561088013172245,179.0254391807303,52627.0748502994,36833.79338045158,114798.0,0.0,1.0334728033472804,0.36401673640167365,0.0,0.7395209580838323,0.26047904191616766,50,normal_swimming4.mp4,normal_swimming
81,2.7037037037037037,1.3188513936862858,6.0,28.737652782946075,19.199941397965297,78.64636037350998,1.1010928961748634,22.095159297442244,75.5,48.13638651742603,13.955614952679309,80.28843181876098,64.81835674395005,57.59589553576043,179.8304863540219,33485.24200913242,28761.1750263401,115260.0,0.2716049382716049,1.3950617283950617,1.037037037037037,0.1004566210045662,0.5159817351598174,0.3835616438356164,36,normal_swimming5.mp4,normal_swimming
81,2.814814814814815,1.155887891431647,6.0,17.304579280592524,16.944856714871246,77.86205751198719,-1.5125628140703518,15.816824988867598,71.5,47.02148510824926,10.092386880382584,68.56691545099571,83.8999508764394,61.94302017218328,180.0,35183.37280701754,16938.859573880603,78952.0,0.1728395061728395,2.4444444444444446,0.19753086419753085,0.06140350877192982,0.868421052631579,0.07017543859649122,29,surface_gasping.mp4,surface_gasping
239,0.9623430962343096,1.0989936207818876,6.0,10.741155639116267,12.158089966077624,78.71467461661771,-1.1956521739130435,9.360374540112748,51.0,40.72365431130431,15.307460106044418,81.05461816646104,43.34865676557575,52.18017316386243,180.0,32221.58260869565,33440.83820004272,115544.0,0.1297071129707113,0.5188284518828452,0.3138075313807531,0.13478260869565217,0.5391304347826087,0.32608695652173914,46,surface_gasping2.mp4,surface_gasping
239,0.9665271966527197,0.6195295069081038,3.0,6.463022370296249,8.084165880059363,53.30337700371338,-0.9396135265700483,6.708202193004658,35.0,41.5947391931596,9.835606696755043,67.70085977606927,50.78120531391761,50.51828274490936,180.0,58948.19047619047,37934.904767184016,115542.0,0.0,0.6485355648535565,0.3179916317991632,0.0,0.670995670995671,0.329004329004329,24,surface_gasping3.mp4,surface_gasping
239,1.0334728033472804,0.6651272177467547,3.0,7.811334487342443,14.655943149394485,73.10950690573696,0.24330357142857142,10.71755693180194,65.0,50.454360296467335,9.868897297748394,73.36904629327857,48.84354972922764,50.95094738183364,180.0,81479.51821862349,31958.703151095957,115928.0,0.07112970711297072,0.8451882845188284,0.11715481171548117,0.06882591093117409,0.8178137651821862,0.11336032388663968,23,surface_gasping4.mp4,surface_gasping
239,0.799163179916318,0.6607965037720913,3.0,13.420004560651337,17.361496187865086,76.78704317786953,0.3132530120481928,13.427451391224462,68.0,50.63755224049601,12.75221306431031,78.92345026583169,62.61877141374557,55.18628890583985,178.8426669318702,62219.732984293194,29507.31235092034,115968.0,0.0,0.7489539748953975,0.0502092050209205,0.0,0.93717277486911,0.06282722513089005,25,surface_gasping5.mp4,surface_gasping
300,2.5166666666666666,1.4524882864320188,7.0,11.738360007436567,16.029317478106428,79.85298992523698,-0.2828282828282828,14.482573113481878,79.0,48.02372081623757,10.033501236101944,71.56505117707799,87.42007265376286,64.52841825504834,180.0,7903.018543046358,10961.938526280868,59565.0,0.44333333333333336,1.5333333333333334,0.54,0.176158940397351,0.609271523178808,0.21456953642384105,161,surface_gasping8.mp4,surface_gasping
126,4.920634920634921,1.8627645209118222,9.0,24.4895483118607,19.40774229479155,79.60056532462568,2.19375,17.75583714174487,76.0,45.889367069818626,19.559500530486066,79.85445556610367,45.243171457383674,50.4061069597181,180.0,26923.174193548388,45340.79955762244,501264.0,0.31746031746031744,2.5,2.1031746031746033,0.06451612903225806,0.5080645161290323,0.4274193548387097,140,surface_gasping9.mp4,surface_gasping
239,0.4100418410041841,0.5404782462329119,2.0,5.377469513689799,6.12118432811036,31.04834939252005,0.34177215189873417,4.444128756436007,20.5,60.55391385790781,8.003808246834582,70.45909242478946,64.57996864224529,57.79679557947008,179.99999879258172,63071.58163265306,25758.49198943655,114912.0,0.016736401673640166,0.34309623430962344,0.0502092050209205,0.04081632653061224,0.8367346938775511,0.12244897959183673,19,abnormal_head_down_posture.mp4,swim_bladder_concern
175,2.9885714285714284,2.132707391164229,13.0,26.76338121167613,19.65813291850606,79.51100552753688,1.5859188544152745,20.03171154925262,71.5,37.85261291768449,12.540025383819222,71.66113120917491,40.71124485426997,47.59431383710766,179.5720282806453,71737.86998087954,83506.67569503112,385320.0,1.12,0.8171428571428572,1.0514285714285714,0.37476099426386233,0.2734225621414914,0.35181644359464626,104,dizzy_floating_trying_to_swim.mp4,swim_bladder_concern
159,3.2264150943396226,1.7765931934088066,7.0,26.861793691212622,18.595851747681444,79.95311125903731,-2.8771712158808933,18.79431372054506,64.5,39.11658248025849,17.642047907834634,79.10011490040611,38.57626878660715,45.83074011052189,180.0,108423.47173489278,101659.88285228175,724390.0,1.069182389937107,1.1635220125786163,0.9937106918238994,0.3313840155945419,0.36062378167641324,0.3079922027290448,110,dizzy_floating_trying_to_swim2.mp4,swim_bladder_concern
84,0.023809523809523808,0.1524553389864964,1.0,0.0,0.0,0.0,0.0,0.0,0.0,30.793677779530576,11.672763332074851,42.46644111160543,0.0,0.0,0.0,230045.0,226859.0,456904.0,0.011904761904761904,0.011904761904761904,0.0,0.5,0.5,0.0,2,floating_loss_of_balance.mp4,swim_bladder_concern
88,1.1136363636363635,0.8716731323075048,3.0,10.849106091939491,11.304868931695024,62.5,1.1708860759493671,7.918447487182982,50.0,29.363176183495398,17.24048751152867,64.67096992672246,75.35508299808777,65.16940706363884,178.88727309707093,61641.91836734694,38878.66949927881,152400.0,0.23863636363636365,0.375,0.5,0.21428571428571427,0.336734693877551,0.4489795918367347,19,swim_bladder.mp4,swim_bladder_concern
216,0.7314814814814815,0.7528523720501311,3.0,16.912443218438145,16.484764477293194,73.41151135891428,2.0225563909774436,16.656171908268643,60.5,39.37700594973944,9.377059238580042,72.95096902789018,52.838561043766134,52.234132767895126,177.63862534182445,128158.17088607595,102115.59382331633,659694.0,0.16666666666666666,0.5231481481481481,0.041666666666666664,0.22784810126582278,0.7151898734177216,0.056962025316455694,25,swim_bladder_concern.mp4,swim_bladder_concern
125,1.656,1.0590863987418593,6.0,15.208887768932067,12.728327504716505,59.09526207742885,-0.07941176470588235,11.232745707286687,43.5,46.60735179896385,14.809930056523296,74.4116680928941,73.65173251085909,60.132594429465136,179.6475355359727,169860.077294686,153320.42272780766,702144.0,0.264,1.232,0.16,0.15942028985507245,0.7439613526570048,0.0966183574879227,37,swim_bladder_concern2.mp4,swim_bladder_concern
